expression,itr/sec,mem_alloc
otp,22.406276883946614,639KB
rvalhalla,83.47717241367133,110KB
